timestamp,y_true,y_pred
2010-08-28 22:00:00,0.30256666666666665,0.7525080083896463
2010-08-28 23:00:00,0.3344333333333333,0.6285525487767666
2010-08-29 00:00:00,0.6910666666666666,0.5379986843285133
2010-08-29 01:00:00,0.3606,0.6613452530236879
2010-08-29 02:00:00,0.3186333333333333,0.41914062377895067
2010-08-29 03:00:00,0.3600333333333333,0.40875058772580075
2010-08-29 04:00:00,0.27476666666666666,0.41999424956228815
2010-08-29 05:00:00,1.1188666666666667,0.37426359539625875
2010-08-29 06:00:00,0.2983,0.992441572719556
2010-08-29 07:00:00,0.34223333333333333,0.5576329612191896
2010-08-29 08:00:00,0.49173333333333336,0.8266652506418545
2010-08-29 09:00:00,0.3921,0.9936977171379869
2010-08-29 10:00:00,0.6474666666666666,0.9040269041087514
2010-08-29 11:00:00,1.5473333333333334,1.0542085477018999
2010-08-29 12:00:00,2.5704,1.5011028828050654
2010-08-29 13:00:00,2.1139,1.9257944525310706
2010-08-29 14:00:00,1.5021333333333333,1.8735926628248114
2010-08-29 15:00:00,1.4193666666666667,1.5593404755974487
2010-08-29 16:00:00,0.37416666666666665,1.481054830162934
2010-08-29 17:00:00,1.4337666666666666,0.6258518720362132
2010-08-29 18:00:00,1.1072,1.6814811947550359
2010-08-29 19:00:00,1.7450666666666668,1.2124212783591801
2010-08-29 20:00:00,2.1989333333333336,2.0375614873028947
2010-08-29 21:00:00,3.2344999999999997,2.135470066579538
2010-08-29 22:00:00,2.3159666666666667,2.6307297612225176
2010-08-29 23:00:00,0.9494666666666667,1.924399012039188
2010-08-30 00:00:00,0.5507333333333334,0.6172673939704839
2010-08-30 01:00:00,0.48323333333333335,0.410906650823752
2010-08-30 02:00:00,0.34113333333333334,0.4302808723676408
2010-08-30 03:00:00,0.28736666666666666,0.38736633869599735
2010-08-30 04:00:00,0.2851,0.3781738535864759
2010-08-30 05:00:00,0.28673333333333334,0.365338383937146
2010-08-30 06:00:00,0.33676666666666666,0.3771628982466604
2010-08-30 07:00:00,0.8905666666666666,0.6556674434243003
2010-08-30 08:00:00,1.4085333333333334,1.6444951962493768
2010-08-30 09:00:00,1.0479,1.7759004362403785
2010-08-30 10:00:00,0.8792666666666666,1.25899457126477
2010-08-30 11:00:00,1.5097,1.0795747469170696
2010-08-30 12:00:00,1.7421333333333335,1.4641043873043618
2010-08-30 13:00:00,2.218233333333333,1.5444353660771966
2010-08-30 14:00:00,2.417133333333333,1.768075058553424
2010-08-30 15:00:00,1.8369,1.8764450221496223
2010-08-30 16:00:00,1.6935666666666667,1.6389067561233945
2010-08-30 17:00:00,0.3625,1.6586403215169416
2010-08-30 18:00:00,0.3312333333333333,0.688937930625195
2010-08-30 19:00:00,1.1589,0.9506622523286357
2010-08-30 20:00:00,0.8696333333333333,1.9794529646538332
2010-08-30 21:00:00,2.242233333333333,1.5541522830416445
2010-08-30 22:00:00,1.1637666666666666,2.15004426352766
2010-08-30 23:00:00,0.5701,0.9031804229728757
2010-08-31 00:00:00,0.4017666666666667,0.4222414989855764
2010-08-31 01:00:00,0.3663666666666667,0.3997594785560783
2010-08-31 02:00:00,0.3196333333333333,0.38317437024812906
2010-08-31 03:00:00,0.2955333333333333,0.3604673056996114
2010-08-31 04:00:00,1.0354333333333332,0.35774163496896827
2010-08-31 05:00:00,0.32880000000000004,0.7630069573504954
2010-08-31 06:00:00,0.24463333333333334,0.3834130653086907
2010-08-31 07:00:00,0.5892,0.6078038541943711
2010-08-31 08:00:00,1.5327666666666666,1.3979924600310762
2010-08-31 09:00:00,1.4823666666666666,1.9106688655736819
2010-08-31 10:00:00,1.1666333333333334,1.5278709797020917
2010-08-31 11:00:00,1.5806666666666667,1.2180766228299509
2010-08-31 12:00:00,1.2884666666666666,1.4477657570578175
2010-08-31 13:00:00,1.0535666666666665,1.2464310278799178
2010-08-31 14:00:00,0.8699333333333333,1.0598505726838456
2010-08-31 15:00:00,0.6130333333333333,0.8887583750980207
2010-08-31 16:00:00,0.7542333333333333,0.7076496395673356
2010-08-31 17:00:00,1.4517333333333333,0.8449360292617747
2010-08-31 18:00:00,1.7887,1.449190291732663
2010-08-31 19:00:00,1.3791,1.8612576131224439
2010-08-31 20:00:00,1.8193666666666668,1.7131831985935646
2010-08-31 21:00:00,1.1395666666666666,2.146984684874404
2010-08-31 22:00:00,0.6880000000000001,1.382469031604716
2010-08-31 23:00:00,0.5622666666666666,0.7827755339718108
2010-09-01 00:00:00,0.37710000000000005,0.536627795889764
2010-09-01 01:00:00,0.2891333333333333,0.4138520624299379
2010-09-01 02:00:00,0.3401666666666667,0.3661433966552796
2010-09-01 03:00:00,0.3021333333333333,0.38804589042262005
2010-09-01 04:00:00,0.8031666666666667,0.36068837238602336
2010-09-01 05:00:00,0.3105333333333334,0.6399496118412307
2010-09-01 06:00:00,0.46140000000000003,0.3938036415070095
2010-09-01 07:00:00,0.9840333333333333,0.7415321112446303
2010-09-01 08:00:00,1.4570666666666665,1.4608345939721792
2010-09-01 09:00:00,0.8423666666666667,1.6551134681884538
2010-09-01 10:00:00,1.9099333333333335,1.1013169157774496
2010-09-01 11:00:00,2.1177333333333332,1.6983193856266827
2010-09-01 12:00:00,1.6747333333333332,1.754406881470026
2010-09-01 13:00:00,1.6333,1.5642283474393264
2010-09-01 14:00:00,1.7136333333333333,1.5064640936792997
2010-09-01 15:00:00,1.4292333333333334,1.525727339943026
2010-09-01 16:00:00,1.3891666666666667,1.3588672902400218
2010-09-01 17:00:00,1.4856333333333334,1.4108922806116684
2010-09-01 18:00:00,0.5392333333333333,1.6090803327278222
2010-09-01 19:00:00,0.5494333333333333,0.891685249904091
2010-09-01 20:00:00,1.8614333333333333,1.3614795304851892
2010-09-01 21:00:00,2.5369,2.2564597363821313
2010-09-01 22:00:00,1.1801333333333335,2.2249508098894424
2010-09-01 23:00:00,0.3677,1.015015061823002
2010-09-02 00:00:00,0.3330666666666667,0.3005329941713474
2010-09-02 01:00:00,0.3055,0.36302356726363494
2010-09-02 02:00:00,0.34659999999999996,0.34724465017236983
2010-09-02 03:00:00,0.2548,0.3793152294325354
2010-09-02 04:00:00,0.3398333333333333,0.3544414461950066
2010-09-02 05:00:00,0.30093333333333333,0.3842254927468707
2010-09-02 06:00:00,1.0378666666666667,0.40388304498391736
2010-09-02 07:00:00,0.7744333333333333,1.3167627779053512
2010-09-02 08:00:00,1.5999333333333332,1.5259807662354676
2010-09-02 09:00:00,1.6337333333333333,1.8041744824204402
2010-09-02 10:00:00,1.7061,1.5069900477615206
2010-09-02 11:00:00,1.6545333333333334,1.5105217132924227
2010-09-02 12:00:00,1.5187666666666668,1.505050975709161
2010-09-02 13:00:00,1.3599999999999999,1.419571333186067
2010-09-02 14:00:00,1.4055333333333333,1.261777129102523
2010-09-02 15:00:00,0.8876333333333334,1.238383785564824
2010-09-02 16:00:00,0.3390666666666667,0.9051281373479381
2010-09-02 17:00:00,0.49420000000000003,0.5641518259507106
2010-09-02 18:00:00,0.7261666666666666,0.7703783184709097
2010-09-02 19:00:00,0.6808666666666666,1.182868542837898
2010-09-02 20:00:00,2.4065,1.5921375501098276
2010-09-02 21:00:00,1.5888333333333333,2.4885860424402986
2010-09-02 22:00:00,0.9164333333333333,1.6769444172729637
2010-09-02 23:00:00,0.5968666666666667,0.7813437073371847
2010-09-03 00:00:00,0.39016666666666666,0.43208972033018134
2010-09-03 01:00:00,0.345,0.39400673609052794
2010-09-03 02:00:00,0.3454666666666667,0.36366408122577576
2010-09-03 03:00:00,0.4543,0.37031587077296013
2010-09-03 04:00:00,0.6939333333333334,0.4392479205252926
2010-09-03 05:00:00,0.9556333333333333,0.572709640486737
2010-09-03 06:00:00,0.9327666666666666,0.850935077924358
2010-09-03 07:00:00,1.1414666666666666,1.2572517437731048
2010-09-03 08:00:00,1.5048,1.7188992111876276
2010-09-03 09:00:00,1.4632,1.6533036872478941
2010-09-03 10:00:00,1.3639333333333332,1.3810203622616404
2010-09-03 11:00:00,1.4092333333333333,1.2521568981233138
2010-09-03 12:00:00,1.6444666666666667,1.2989367474519138
2010-09-03 13:00:00,0.7313666666666666,1.4074949639155117
2010-09-03 14:00:00,0.35523333333333335,0.8286584354193196
2010-09-03 15:00:00,0.41023333333333334,0.5222972044128305
2010-09-03 16:00:00,0.3091333333333333,0.5613950232166944
2010-09-03 17:00:00,0.34396666666666664,0.5100666973527043
2010-09-03 18:00:00,0.36483333333333334,0.619121663231321
2010-09-03 19:00:00,0.531,0.953352396238395
2010-09-03 20:00:00,2.3058666666666667,1.5371753239656885
2010-09-03 21:00:00,1.8044333333333331,2.3158045040105595
2010-09-03 22:00:00,1.6770333333333334,1.721320780188162
2010-09-03 23:00:00,0.9627666666666667,1.2185718131895957
2010-09-04 00:00:00,0.4686666666666667,0.5400650833284218
2010-09-04 01:00:00,0.33326666666666666,0.4347290660420079
2010-09-04 02:00:00,0.2752666666666667,0.3515421433446049
2010-09-04 03:00:00,0.3137666666666667,0.3169710847851346
2010-09-04 04:00:00,1.0629666666666666,0.34920518071916773
2010-09-04 05:00:00,0.32289999999999996,0.7869727074549433
2010-09-04 06:00:00,0.6717333333333334,0.41131598265358993
2010-09-04 07:00:00,1.9570333333333332,1.0407615600651796
2010-09-04 08:00:00,1.4460000000000002,2.1887512627497485
2010-09-04 09:00:00,0.779,1.6535062416862436
2010-09-04 10:00:00,0.9023666666666668,0.9323268772569219
2010-09-04 11:00:00,1.6402333333333334,0.898534830791317
2010-09-04 12:00:00,1.3255666666666668,1.3359913321180004
2010-09-04 13:00:00,1.1751666666666667,1.131919184052033
2010-09-04 14:00:00,2.1475999999999997,1.0213091156800083
2010-09-04 15:00:00,1.7486666666666666,1.5541124596114626
2010-09-04 16:00:00,0.7704666666666667,1.4202173468081096
2010-09-04 17:00:00,0.5642333333333334,0.8724353599572692
2010-09-04 18:00:00,1.6101999999999999,0.8261585699213432
2010-09-04 19:00:00,1.6162333333333334,2.0121684772457034
2010-09-04 20:00:00,2.278833333333333,1.945048270806394
2010-09-04 21:00:00,2.5189666666666666,2.291765392371349
2010-09-04 22:00:00,2.1733666666666664,2.0972552869186654
2010-09-04 23:00:00,0.9614999999999999,1.4294893069136236
2010-09-05 00:00:00,0.5580999999999999,0.5313607421392961
2010-09-05 01:00:00,0.4830333333333333,0.4526113575252003
2010-09-05 02:00:00,0.5433,0.42250288014323323
2010-09-05 03:00:00,0.3478,0.47263969486866564
2010-09-05 04:00:00,0.3080333333333333,0.4010278376209431
2010-09-05 05:00:00,0.33823333333333333,0.3685558813961548
2010-09-05 06:00:00,0.26953333333333335,0.4824892420241398
2010-09-05 07:00:00,0.30996666666666667,0.9415044347181383
2010-09-05 08:00:00,1.3496,1.5108951009164735
2010-09-05 09:00:00,0.43196666666666667,1.8052476035587892
2010-09-05 10:00:00,1.256,0.9201127709682888
2010-09-05 11:00:00,1.6126,1.4379242384237179
2010-09-05 12:00:00,0.9832,1.5490212967696413
2010-09-05 13:00:00,0.7988999999999999,1.1273182643311506
2010-09-05 14:00:00,1.2334666666666665,0.9306424345476075
2010-09-05 15:00:00,2.2218333333333335,1.1583597258701952
2010-09-05 16:00:00,1.0086333333333333,1.7560652253468596
2010-09-05 17:00:00,0.5999333333333333,1.0644440776846822
2010-09-05 18:00:00,0.8549,0.8664544798140045
2010-09-05 19:00:00,1.3828666666666665,1.2058003384667577
2010-09-05 20:00:00,1.0963666666666667,1.8827895181997907
2010-09-05 21:00:00,2.119,1.6171839833849897
2010-09-05 22:00:00,1.5342333333333333,2.1069849709507427
2010-09-05 23:00:00,0.4088,1.2802881127342725
2010-09-06 00:00:00,0.36146666666666666,0.29538963366456483
2010-09-06 01:00:00,0.33393333333333336,0.3812953034136274
2010-09-06 02:00:00,0.34256666666666663,0.362309495350307
2010-09-06 03:00:00,0.28243333333333337,0.37182626397761265
2010-09-06 04:00:00,0.351,0.3524973164197017
2010-09-06 05:00:00,0.22310000000000002,0.38128779048536854
2010-09-06 06:00:00,1.5419333333333334,0.34118353391946565
2010-09-06 07:00:00,1.8616333333333333,1.5692397652125707
2010-09-06 08:00:00,1.5826333333333333,1.9496209433901468
2010-09-06 09:00:00,1.4338000000000002,1.6223473292630226
2010-09-06 10:00:00,0.5483666666666667,1.323851618550361
2010-09-06 11:00:00,0.3156,0.6605050817654674
2010-09-06 12:00:00,1.2417666666666667,0.5586081687696431
2010-09-06 13:00:00,1.3418333333333334,1.0353021778064921
2010-09-06 14:00:00,0.36543333333333333,1.086676667668386
2010-09-06 15:00:00,0.9581666666666667,0.5130101447946396
2010-09-06 16:00:00,1.4072333333333333,0.9663947905915321
2010-09-06 17:00:00,2.497666666666667,1.3496368231043032
2010-09-06 18:00:00,0.8907,2.3784637988119783
2010-09-06 19:00:00,1.2747333333333333,1.1793586181500453
2010-09-06 20:00:00,1.1888666666666665,1.833289731044954
2010-09-06 21:00:00,1.7181666666666666,1.3459317218700675
2010-09-06 22:00:00,1.2335,1.4655801130099901
2010-09-06 23:00:00,0.41806666666666664,0.7567638121756611
2010-09-07 00:00:00,0.6620666666666666,0.36795371774100816
2010-09-07 01:00:00,0.6508333333333333,0.5252262152475233
2010-09-07 02:00:00,0.2722,0.5279025363513686
2010-09-07 03:00:00,0.3152666666666667,0.34025507347817785
2010-09-07 04:00:00,0.305,0.35584012755790273
2010-09-07 05:00:00,0.32686666666666664,0.3863807210750154
2010-09-07 06:00:00,0.6378,0.5921465679743282
2010-09-07 07:00:00,1.8521333333333334,1.2726729620022714
2010-09-07 08:00:00,1.4305333333333332,2.00549287220698
2010-09-07 09:00:00,1.4320333333333333,1.4896129884277045
2010-09-07 10:00:00,0.6150333333333333,1.3737381005420466
2010-09-07 11:00:00,1.0950666666666666,0.7838205675613752
2010-09-07 12:00:00,0.4864666666666667,1.089438951648264
2010-09-07 13:00:00,0.4363666666666666,0.6567196953174861
2010-09-07 14:00:00,0.3362,0.5664757759879872
2010-09-07 15:00:00,0.3363333333333333,0.4928888533780117
2010-09-07 16:00:00,0.9365000000000001,0.5239246618068224
2010-09-07 17:00:00,0.3335,1.0466996828079127
2010-09-07 18:00:00,1.0712666666666666,0.6283575563707822
2010-09-07 19:00:00,2.7609333333333335,1.6981185498320526
2010-09-07 20:00:00,2.1508333333333334,2.427981165236859
2010-09-07 21:00:00,2.2494333333333336,2.0581375809517635
2010-09-07 22:00:00,2.4007666666666667,1.8135382426526196
2010-09-07 23:00:00,1.1041333333333334,1.431049786306668
2010-09-08 00:00:00,0.36596666666666666,0.6575897709764229
2010-09-08 01:00:00,0.34976666666666667,0.3782318946400829
2010-09-08 02:00:00,0.45790000000000003,0.3513068364673757
2010-09-08 03:00:00,0.3013333333333333,0.4308228834926109
2010-09-08 04:00:00,0.346,0.3639728478459797
2010-09-08 05:00:00,0.32243333333333335,0.3934526944595226
2010-09-08 06:00:00,0.7884333333333333,0.5722894566494142
2010-09-08 07:00:00,1.9181,1.5703591424190226
2010-09-08 08:00:00,1.6187,2.124956975636084
2010-09-08 09:00:00,1.4468333333333334,1.599781782748765
2010-09-08 10:00:00,0.4638666666666667,1.320501981941389
2010-09-08 11:00:00,0.3372,0.6407340008347324
2010-09-08 12:00:00,0.6727666666666666,0.593453817491356
2010-09-08 13:00:00,0.45713333333333334,0.6909873396043353
2010-09-08 14:00:00,0.5007,0.5320945047992369
2010-09-08 15:00:00,0.45720000000000005,0.5642714926576821
2010-09-08 16:00:00,0.5627333333333334,0.5652044215726401
2010-09-08 17:00:00,0.9294,0.7110805925762851
2010-09-08 18:00:00,1.6340333333333334,1.298338156120498
2010-09-08 19:00:00,0.7245333333333334,2.120964026130914
2010-09-08 20:00:00,1.8530000000000002,1.3468776633731863
2010-09-08 21:00:00,2.8006,1.876137483132075
2010-09-08 22:00:00,1.4298333333333333,1.8206264694963008
2010-09-08 23:00:00,0.9917333333333332,0.7926001607933546
2010-09-09 00:00:00,0.9049666666666667,0.660014237119227
2010-09-09 01:00:00,0.47246666666666665,0.670163859468096
2010-09-09 02:00:00,0.32793333333333335,0.45061149458928296
2010-09-09 03:00:00,0.2828,0.3653459950736173
2010-09-09 04:00:00,0.24960000000000002,0.34782594458235316
2010-09-09 05:00:00,0.7349333333333334,0.3530478716591622
2010-09-09 06:00:00,0.8782666666666666,0.9272744330028918
2010-09-09 07:00:00,1.9045999999999998,1.560618704587673
2010-09-09 08:00:00,1.4102,2.083704223128713
2010-09-09 09:00:00,0.9942666666666666,1.4642818004403029
2010-09-09 10:00:00,0.4267666666666666,0.9805733066513581
2010-09-09 11:00:00,0.8445666666666667,0.6023833501118201
2010-09-09 12:00:00,0.8244666666666667,0.8502228474150149
2010-09-09 13:00:00,0.958,0.775537294083485
2010-09-09 14:00:00,0.42096666666666666,0.8346019227856623
2010-09-09 15:00:00,0.7772333333333333,0.5180731218794639
2010-09-09 16:00:00,0.3003666666666666,0.8130784636145933
2010-09-09 17:00:00,0.7164666666666667,0.4894062428492698
2010-09-09 18:00:00,0.47,1.1723359207361765
2010-09-09 19:00:00,1.5420666666666667,1.2547507979847905
2010-09-09 20:00:00,2.6474333333333333,2.0381086052549167
2010-09-09 21:00:00,1.2951666666666666,2.131480554361807
2010-09-09 22:00:00,0.8265333333333333,0.998562976538929
2010-09-09 23:00:00,0.43516666666666665,0.5220500634459909
2010-09-10 00:00:00,0.3246,0.4278483531514089
2010-09-10 01:00:00,0.8062666666666666,0.355837966977227
2010-09-10 02:00:00,0.4391,0.578542471749608
2010-09-10 03:00:00,0.33616666666666667,0.43171687285129945
2010-09-10 04:00:00,0.2793333333333334,0.37601297828611047
2010-09-10 05:00:00,0.26126666666666665,0.4148679281803801
2010-09-10 06:00:00,0.9106666666666666,0.726609078725591
2010-09-10 07:00:00,1.698,1.689530143437822
2010-09-10 08:00:00,0.31983333333333336,1.9008418080988778
2010-09-10 09:00:00,0.30700000000000005,0.7069094442694738
2010-09-10 10:00:00,0.3499333333333333,0.6586457056775785
2010-09-10 11:00:00,0.46993333333333337,0.6300428092978498
2010-09-10 12:00:00,0.23243333333333333,0.6272004181066111
2010-09-10 13:00:00,0.37426666666666664,0.43138193374245537
2010-09-10 14:00:00,0.4270333333333333,0.5041770035347766
2010-09-10 15:00:00,0.3281,0.5769770328418308
2010-09-10 16:00:00,0.9026,0.5730557753318098
2010-09-10 17:00:00,1.0888,1.1328072563659166
2010-09-10 18:00:00,2.1483,1.2949189021648666
2010-09-10 19:00:00,1.8013000000000001,1.935195630092225
2010-09-10 20:00:00,2.3795,1.6029178164954776
2010-09-10 21:00:00,2.0765000000000002,1.8066653864190232
2010-09-10 22:00:00,2.3522000000000003,1.394949552221898
2010-09-10 23:00:00,1.5219999999999998,1.5422857356171662
2010-09-11 00:00:00,1.0361333333333334,1.1305107002819235
2010-09-11 01:00:00,0.461,0.863910420620388
2010-09-11 02:00:00,0.345,0.49297630779127233
2010-09-11 03:00:00,0.2740666666666666,0.40933841298191753
2010-09-11 04:00:00,0.34280000000000005,0.3879936927576587
2010-09-11 05:00:00,0.30256666666666665,0.5248892628703223
2010-09-11 06:00:00,0.7187666666666667,0.7686410151911995
2010-09-11 07:00:00,1.6514,1.484778934686295
2010-09-11 08:00:00,1.4151,1.867772844150101
2010-09-11 09:00:00,0.8931,1.373306720968495
2010-09-11 10:00:00,1.3423,0.8130981789132594
2010-09-11 11:00:00,0.4276666666666667,1.1227629193588964
2010-09-11 12:00:00,1.0580333333333334,0.5921475500564535
2010-09-11 13:00:00,1.7219,0.8926608257353414
2010-09-11 14:00:00,1.8109,1.2428489938120126
2010-09-11 15:00:00,0.9680666666666667,1.3695049337490208
2010-09-11 16:00:00,0.4590666666666667,0.9561143794556222
2010-09-11 17:00:00,1.2209333333333334,0.6450159771093873
2010-09-11 18:00:00,0.7318333333333332,1.4618315055376025
2010-09-11 19:00:00,0.38176666666666664,1.093329181501138
2010-09-11 20:00:00,1.0722999999999998,1.113164889573733
2010-09-11 21:00:00,1.8523999999999998,1.5491936030785305
2010-09-11 22:00:00,1.9503333333333333,1.6192003944047189
2010-09-11 23:00:00,1.9510666666666665,1.3136279472092423
2010-09-12 00:00:00,1.9163,1.1220366634892012
2010-09-12 01:00:00,1.7626333333333333,1.1467715680381816
2010-09-12 02:00:00,2.2741,1.1800705356207108
2010-09-12 03:00:00,2.235966666666667,1.4785795903742502
2010-09-12 04:00:00,1.4288333333333334,1.5324599548491251
2010-09-12 05:00:00,0.2998,1.184092106681821
2010-09-12 06:00:00,0.2696,0.4676972192606196
2010-09-12 07:00:00,0.3461,0.48029399384938776
2010-09-12 08:00:00,0.3628,0.6647210621213
2010-09-12 09:00:00,0.4345,1.0154663285595917
2010-09-12 10:00:00,0.26186666666666664,1.3454140909338588
2010-09-12 11:00:00,0.8206,1.0009251418469074
2010-09-12 12:00:00,1.1534333333333333,1.1525321671607345
2010-09-12 13:00:00,2.1095333333333333,1.037536746094337
2010-09-12 14:00:00,1.6432,1.4906944081600124
2010-09-12 15:00:00,1.5487333333333335,1.2433397156979873
2010-09-12 16:00:00,1.0166,1.2590324305307017
2010-09-12 17:00:00,0.4826,0.9492970845182664
2010-09-12 18:00:00,0.4251666666666667,0.608539826539094
2010-09-12 19:00:00,0.3076666666666667,0.5371479065833392
2010-09-12 20:00:00,1.3974,0.47832054892264175
2010-09-12 21:00:00,1.5438333333333332,1.3549118808240925
2010-09-12 22:00:00,1.5374333333333332,1.479324352353995
2010-09-12 23:00:00,1.2895,1.6555869299810757
2010-09-13 00:00:00,0.7721333333333333,1.4798447576722078
2010-09-13 01:00:00,0.3366,0.9998050035268082
2010-09-13 02:00:00,0.9683333333333334,0.5702091611874323
2010-09-13 03:00:00,0.3106666666666667,0.999048788014277
2010-09-13 04:00:00,0.2142,0.39236331986199935
2010-09-13 05:00:00,0.2632,0.4231454564778372
2010-09-13 06:00:00,0.6192333333333333,0.4095957676028604
2010-09-13 07:00:00,1.9085666666666665,0.5950530400242446
2010-09-13 08:00:00,1.4395666666666667,1.3016982027999986
2010-09-13 09:00:00,0.5902333333333334,1.1094398520723532
2010-09-13 10:00:00,0.3597666666666666,0.6763880013538051
2010-09-13 11:00:00,0.3375666666666667,0.5613657571693595
2010-09-13 12:00:00,0.26786666666666664,0.5743167196766283
2010-09-13 13:00:00,1.2969000000000002,0.5461665140525709
2010-09-13 14:00:00,0.3499666666666667,1.2517871687551798
2010-09-13 15:00:00,0.24180000000000001,0.56215397628315
2010-09-13 16:00:00,0.3480666666666667,0.5680741637510692
2010-09-13 17:00:00,0.34590000000000004,0.5968764719063464
2010-09-13 18:00:00,0.7102666666666667,0.57442941360051
2010-09-13 19:00:00,1.2278333333333333,0.7982531482670244
2010-09-13 20:00:00,1.4990999999999999,1.050519626270679
2010-09-13 21:00:00,1.7951000000000001,1.1753717023119328
2010-09-13 22:00:00,1.4222333333333335,1.3400274441325788
2010-09-13 23:00:00,0.31356666666666666,1.1290427637151517
2010-09-14 00:00:00,0.3368333333333334,0.4345531751333611
2010-09-14 01:00:00,0.3358,0.48802219451004103
2010-09-14 02:00:00,0.3402,0.454208910518476
2010-09-14 03:00:00,0.27923333333333333,0.46843417368746776
2010-09-14 04:00:00,0.25666666666666665,0.45258115849984637
2010-09-14 05:00:00,0.2604,0.4853425343269697
2010-09-14 06:00:00,0.6287,0.5506074403192106
2010-09-14 07:00:00,1.7493333333333334,0.85121750019155
2010-09-14 08:00:00,1.4405000000000001,1.4388926205034005
2010-09-14 09:00:00,2.193433333333333,1.1712476571190575
2010-09-14 10:00:00,0.9704666666666667,1.5415105290915363
2010-09-14 11:00:00,1.7899,0.7071464206863161
2010-09-14 12:00:00,0.5667666666666666,1.3054929681322769
2010-09-14 13:00:00,0.5091666666666667,0.5689044650839302
2010-09-14 14:00:00,0.9451666666666667,0.5604180970225215
2010-09-14 15:00:00,0.3289666666666667,0.8108918577625444
2010-09-14 16:00:00,0.3869666666666667,0.4519935296601547
2010-09-14 17:00:00,0.5251666666666667,0.5361901800947165
2010-09-14 18:00:00,1.5987,0.6914881032800415
2010-09-14 19:00:00,1.9842333333333333,1.557877075022493
2010-09-14 20:00:00,2.0944333333333334,1.7432177742956005
2010-09-14 21:00:00,2.1402666666666668,1.8406621724557062
2010-09-14 22:00:00,1.3248333333333333,1.7486261496639037
2010-09-14 23:00:00,0.8584999999999999,0.9957440816625388
2010-09-15 00:00:00,0.3932,0.6589465174325674
2010-09-15 01:00:00,0.40836666666666666,0.42698058538546657
2010-09-15 02:00:00,0.38073333333333337,0.42782326095310663
2010-09-15 03:00:00,0.351,0.4095821657654246
2010-09-15 04:00:00,0.23933333333333331,0.4032955634565445
2010-09-15 05:00:00,0.305,0.3837701994735673
2010-09-15 06:00:00,0.8122666666666667,0.6010173229795912
2010-09-15 07:00:00,2.0184,1.2532820205101989
2010-09-15 08:00:00,1.5053666666666667,1.9040935802240608
2010-09-15 09:00:00,1.1082333333333334,1.4514499644948367
2010-09-15 10:00:00,0.31056666666666666,1.0345275114260313
2010-09-15 11:00:00,0.22896666666666665,0.4605051863362907
2010-09-15 12:00:00,0.3728666666666667,0.44061984015027345
2010-09-15 13:00:00,0.27376666666666666,0.4566591563170701
2010-09-15 14:00:00,0.3443333333333333,0.38714222755499694
2010-09-15 15:00:00,0.35886666666666667,0.45039862828861743
2010-09-15 16:00:00,0.4031333333333333,0.5022328246553655
2010-09-15 17:00:00,0.3624,0.6347581784144132
2010-09-15 18:00:00,0.9830333333333333,0.7915977986721356
2010-09-15 19:00:00,0.20803333333333332,1.4075421529616337
2010-09-15 20:00:00,0.7553,0.6884560229262953
2010-09-15 21:00:00,1.5866666666666667,1.0667819364600586
2010-09-15 22:00:00,1.7083666666666666,1.2432380947500687
2010-09-15 23:00:00,1.0167,1.173044542093709
2010-09-16 00:00:00,0.4185666666666667,0.7854479758512609
2010-09-16 01:00:00,0.3141333333333333,0.52273373991754
2010-09-16 02:00:00,0.26486666666666664,0.4258300761756415
2010-09-16 03:00:00,0.9834999999999999,0.36631148001103
2010-09-16 04:00:00,0.2645,0.8161258153453885
2010-09-16 05:00:00,0.31039999999999995,0.42982764146680064
2010-09-16 06:00:00,0.6315666666666666,0.5487354444760112
2010-09-16 07:00:00,1.9140666666666666,0.878545604868493
2010-09-16 08:00:00,1.4490333333333334,1.742769404701281
2010-09-16 09:00:00,0.5514666666666667,1.4036214355967818
2010-09-16 10:00:00,0.5208333333333334,0.7133527868855567
2010-09-16 11:00:00,1.34,0.6509324817693365
2010-09-16 12:00:00,1.4146666666666665,1.0963918352990485
2010-09-16 13:00:00,1.4808333333333332,1.0401994653607465
2010-09-16 14:00:00,0.5958666666666667,1.1086931627564376
2010-09-16 15:00:00,0.2752666666666667,0.608295730026843
2010-09-16 16:00:00,0.2105,0.41990271950820734
2010-09-16 17:00:00,0.2618333333333333,0.38605800888863173
2010-09-16 18:00:00,0.7915333333333333,0.46041233047134067
2010-09-16 19:00:00,1.3970333333333333,0.9055722348850126
2010-09-16 20:00:00,2.9842999999999997,1.3328247310651369
2010-09-16 21:00:00,1.7319333333333333,2.132638134562934
2010-09-16 22:00:00,1.4389,1.5618632972651048
2010-09-16 23:00:00,0.7833666666666667,1.2954598943796316
2010-09-17 00:00:00,0.4765666666666667,0.6475892777982855
2010-09-17 01:00:00,0.2953,0.5084242141021948
2010-09-17 02:00:00,0.5791000000000001,0.3925628298457603
2010-09-17 03:00:00,0.6627333333333334,0.5613547578495558
2010-09-17 04:00:00,0.19949999999999998,0.6173720348209379
2010-09-17 05:00:00,0.26236666666666664,0.35478026452824574
2010-09-17 06:00:00,0.6324333333333333,0.5068565164055292
2010-09-17 07:00:00,1.9198,0.9285386182187239
2010-09-17 08:00:00,1.3942666666666665,1.757950135570007
2010-09-17 09:00:00,0.8596,1.3259397215652395
2010-09-17 10:00:00,0.1999,0.8874208528994796
2010-09-17 11:00:00,0.28723333333333334,0.38571658803776043
2010-09-17 12:00:00,0.5261666666666667,0.46704393823084944
2010-09-17 13:00:00,0.3563,0.5548892692815467
2010-09-17 14:00:00,0.7945666666666666,0.4484620114415714
2010-09-17 15:00:00,1.6732333333333334,0.7552000919116031
2010-09-17 16:00:00,2.9641666666666664,1.3412912610676138
2010-09-17 17:00:00,1.5464666666666667,2.0766102511045985
2010-09-17 18:00:00,1.9456333333333333,1.532742205251945
2010-09-17 19:00:00,2.9272,1.9257679363136868
2010-09-17 20:00:00,2.8731333333333335,2.4234561236361847
2010-09-17 21:00:00,0.5738333333333333,2.435988866470381
2010-09-17 22:00:00,0.5266333333333334,0.6176768240085343
2010-09-17 23:00:00,0.484,0.4852276798224122
2010-09-18 00:00:00,0.2914333333333333,0.47887792963287334
2010-09-18 01:00:00,0.2673666666666667,0.3739302276188151
2010-09-18 02:00:00,0.8251666666666666,0.37490852872796343
2010-09-18 03:00:00,0.3550333333333333,0.7454081438727798
2010-09-18 04:00:00,0.331,0.4809563591388172
2010-09-18 05:00:00,0.20823333333333333,0.734479828606736
2010-09-18 06:00:00,0.6108666666666667,0.833015295456031
2010-09-18 07:00:00,1.8039999999999998,1.2101906752279163
2010-09-18 08:00:00,1.3785999999999998,1.7314521358094999
2010-09-18 09:00:00,0.8287,1.4047533343503318
2010-09-18 10:00:00,0.5166333333333334,1.0673979474731725
2010-09-18 11:00:00,0.3648666666666667,0.793313373384823
2010-09-18 12:00:00,0.3004,0.6188482024635227
2010-09-18 13:00:00,0.8346333333333333,0.5310871340591788
2010-09-18 14:00:00,1.0549333333333333,0.9022711622371381
2010-09-18 15:00:00,0.8408666666666667,1.0893113116620377
2010-09-18 16:00:00,0.9072666666666667,0.9855508057631989
2010-09-18 17:00:00,1.3213666666666666,1.1458974106004112
2010-09-18 18:00:00,0.7356333333333333,1.5914271119003633
2010-09-18 19:00:00,1.5119,1.0874136036811946
2010-09-18 20:00:00,1.7384666666666666,1.6525729199384354
2010-09-18 21:00:00,1.5982333333333334,1.4386076939267889
2010-09-18 22:00:00,1.6708,1.1293731913842326
2010-09-18 23:00:00,0.5027,1.0107480745767852
2010-09-19 00:00:00,0.3826,0.44569411117953905
2010-09-19 01:00:00,0.40396666666666664,0.4153078027643158
2010-09-19 02:00:00,0.414,0.4018054011436737
2010-09-19 03:00:00,0.48569999999999997,0.40425343725748586
2010-09-19 04:00:00,0.28163333333333335,0.46354806959341566
2010-09-19 05:00:00,0.1971,0.41576982330017764
2010-09-19 06:00:00,0.23706666666666668,0.5633430813205006
2010-09-19 07:00:00,0.5294333333333333,0.8958390890134433
2010-09-19 08:00:00,0.9478333333333333,1.2491941773196689
2010-09-19 09:00:00,0.8190666666666666,1.3654261502660967
2010-09-19 10:00:00,0.5698333333333333,1.0889287906742213
2010-09-19 11:00:00,0.2659,0.8625384273392478
2010-09-19 12:00:00,0.21293333333333334,0.6286112772878614
2010-09-19 13:00:00,0.4809333333333334,0.5278870194537884
2010-09-19 14:00:00,0.3187333333333333,0.640065546636126
2010-09-19 15:00:00,0.2951,0.5438503224640844
2010-09-19 16:00:00,0.25279999999999997,0.5540555797653534
2010-09-19 17:00:00,0.3328,0.5580198033683574
2010-09-19 18:00:00,1.6387333333333334,0.6683934600207622
2010-09-19 19:00:00,1.0944666666666667,1.627149661751784
2010-09-19 20:00:00,2.343566666666667,1.1610863725449503
2010-09-19 21:00:00,1.8975666666666666,1.9520106438257143
2010-09-19 22:00:00,0.7172333333333333,1.5026755891205703
2010-09-19 23:00:00,0.2076666666666667,0.5703842664303787
2010-09-20 00:00:00,0.3577666666666667,0.31204093430776136
2010-09-20 01:00:00,0.3307333333333334,0.419575096911197
2010-09-20 02:00:00,0.8504666666666666,0.38839688657421334
2010-09-20 03:00:00,0.2718666666666667,0.683283985621453
2010-09-20 04:00:00,0.1951,0.374138379925279
2010-09-20 05:00:00,0.2795333333333333,0.39715239424206883
2010-09-20 06:00:00,0.6302,0.5916201719551508
2010-09-20 07:00:00,2.116966666666667,0.9946071374620699
2010-09-20 08:00:00,1.4034333333333333,1.779071383006647
2010-09-20 09:00:00,1.3784666666666667,1.316207484119636
2010-09-20 10:00:00,1.4202666666666666,1.2666516691795493
2010-09-20 11:00:00,0.8689,1.197945301899618
2010-09-20 12:00:00,2.172266666666667,0.8615479238596923
2010-09-20 13:00:00,1.1652666666666667,1.5577818621604425
2010-09-20 14:00:00,0.9749333333333333,1.0795380907017416
2010-09-20 15:00:00,1.3373333333333333,0.9857234189727524
2010-09-20 16:00:00,1.3558999999999999,1.2617079414167933
2010-09-20 17:00:00,1.4825333333333333,1.3373867235057766
2010-09-20 18:00:00,1.1808666666666667,1.5862097024013309
2010-09-20 19:00:00,1.3009,1.4248924996616408
2010-09-20 20:00:00,2.063066666666667,1.6538672059714088
2010-09-20 21:00:00,2.5983666666666663,1.991957914563883
2010-09-20 22:00:00,1.6893666666666667,2.022198874824557
2010-09-20 23:00:00,0.6227,1.1180105687123012
2010-09-21 00:00:00,0.4720333333333333,0.3995822127324561
2010-09-21 01:00:00,0.30283333333333334,0.41411864862285896
2010-09-21 02:00:00,0.20446666666666669,0.3435649848651803
2010-09-21 03:00:00,0.26890000000000003,0.3063106815228811
2010-09-21 04:00:00,0.27230000000000004,0.3421395908684751
2010-09-21 05:00:00,0.9105000000000001,0.34442921713547137
2010-09-21 06:00:00,0.6151666666666668,0.9248619728140698
2010-09-21 07:00:00,1.8787333333333334,1.1480733792754403
2010-09-21 08:00:00,1.3339666666666665,2.10253869233652
2010-09-21 09:00:00,1.3714666666666666,1.4269974944890746
2010-09-21 10:00:00,1.0264,1.3254206911620021
2010-09-21 11:00:00,0.7342333333333334,1.0340104820151241
2010-09-21 12:00:00,0.8323666666666667,0.8579299578620267
2010-09-21 13:00:00,0.5928666666666668,0.8479521507809844
2010-09-21 14:00:00,0.3046333333333333,0.6572842943313386
2010-09-21 15:00:00,0.4209333333333333,0.4598397765922727
2010-09-21 16:00:00,0.4111333333333333,0.5692117585809462
2010-09-21 17:00:00,0.24773333333333333,0.5881850450971687
2010-09-21 18:00:00,0.3106333333333334,0.6203525558631044
2010-09-21 19:00:00,0.5627666666666666,1.1362934883224958
2010-09-21 20:00:00,2.0710333333333333,1.5449205146471099
2010-09-21 21:00:00,2.0067666666666666,2.0823505211271574
2010-09-21 22:00:00,1.0306666666666666,1.6537925677298837
2010-09-21 23:00:00,0.3404,0.6399761280586147
2010-09-22 00:00:00,0.28543333333333337,0.3443762829089161
2010-09-22 01:00:00,0.3053666666666667,0.3594339588873383
2010-09-22 02:00:00,0.32706666666666667,0.3340008798794336
2010-09-22 03:00:00,0.26043333333333335,0.3452301051086787
2010-09-22 04:00:00,0.7687,0.32134007353609373
2010-09-22 05:00:00,0.3939666666666667,0.6635246405721158
2010-09-22 06:00:00,0.5784,0.5746066794241322
2010-09-22 07:00:00,2.0355333333333334,1.110358847697158
2010-09-22 08:00:00,1.8892,2.090508088093005
2010-09-22 09:00:00,1.8499333333333332,1.7722939360515264
2010-09-22 10:00:00,1.5564,1.5829840045565755
2010-09-22 11:00:00,0.3938333333333333,1.2151222497243712
2010-09-22 12:00:00,0.7272666666666667,0.5113575952023454
2010-09-22 13:00:00,1.4374666666666667,0.7077430846815609
2010-09-22 14:00:00,0.3046333333333333,1.0702943531813043
2010-09-22 15:00:00,0.9953000000000001,0.46032954094817524
2010-09-22 16:00:00,1.3890333333333333,0.9188868869553446
2010-09-22 17:00:00,1.4524333333333332,1.2211120668149764
2010-09-22 18:00:00,1.643,1.487628937014005
2010-09-22 19:00:00,1.6807,1.9078710609109333
2010-09-22 20:00:00,2.1387,1.9911156809331994
2010-09-22 21:00:00,1.5795666666666668,2.1371576765037066
2010-09-22 22:00:00,0.8024,1.3852512948178313
2010-09-22 23:00:00,0.3784666666666666,0.4914215244745549
2010-09-23 00:00:00,0.3320666666666667,0.3553872894899127
2010-09-23 01:00:00,0.4959,0.34969936444463423
2010-09-23 02:00:00,0.7034,0.43791602074691893
2010-09-23 03:00:00,0.29883333333333334,0.5713227932134511
2010-09-23 04:00:00,0.2033333333333333,0.3511249548577644
2010-09-23 05:00:00,0.2656,0.3391322589842871
2010-09-23 06:00:00,0.7313666666666666,0.6716978226437564
2010-09-23 07:00:00,2.5547,1.5860864019904954
2010-09-23 08:00:00,1.9102333333333334,2.178318997165209
2010-09-23 09:00:00,1.4231666666666667,1.6975030298600013
2010-09-23 10:00:00,1.8184666666666667,1.3185971600031505
2010-09-23 11:00:00,0.8200666666666667,1.5465601007553498
2010-09-23 12:00:00,1.5701,0.9217990059774818
2010-09-23 13:00:00,1.4990999999999999,1.3265768473440478
2010-09-23 14:00:00,1.401166666666667,1.2278602354467356
2010-09-23 15:00:00,0.6156666666666666,1.190773978632107
2010-09-23 16:00:00,0.3339,0.7176732116754183
2010-09-23 17:00:00,0.36843333333333333,0.5965212528016143
2010-09-23 18:00:00,0.6257333333333333,0.8016236050170535
2010-09-23 19:00:00,1.2010333333333334,1.590190866920997
2010-09-23 20:00:00,0.9679333333333333,2.027613388206144
2010-09-23 21:00:00,2.0422333333333333,1.4525455016576962
2010-09-23 22:00:00,1.0331,1.6847859502108802
2010-09-23 23:00:00,0.9488333333333333,0.5424736397407957
2010-09-24 00:00:00,0.4999333333333333,0.6530658096660864
2010-09-24 01:00:00,0.3203,0.47013401053409665
2010-09-24 02:00:00,0.31416666666666665,0.36020047398615895
2010-09-24 03:00:00,0.26683333333333337,0.3441755453224985
2010-09-24 04:00:00,0.2029,0.3266410582239919
2010-09-24 05:00:00,0.7952666666666667,0.3088774513656457
2010-09-24 06:00:00,0.7827666666666667,0.8691261360277545
2010-09-24 07:00:00,2.1366666666666663,1.2829320005759288
2010-09-24 08:00:00,1.4683333333333333,2.1611636919752932
2010-09-24 09:00:00,1.3575333333333333,1.5174693059757567
2010-09-24 10:00:00,1.2882,1.2700727768151925
2010-09-24 11:00:00,0.39576666666666666,1.1235011320784678
2010-09-24 12:00:00,0.5886666666666667,0.5880037527368326
2010-09-24 13:00:00,0.8107,0.6442196067139565
2010-09-24 14:00:00,0.9828333333333333,0.7344762931110848
2010-09-24 15:00:00,0.26486666666666664,0.8638455295439569
2010-09-24 16:00:00,0.6632,0.42398297611431934
2010-09-24 17:00:00,0.7355333333333333,0.806790731911269
2010-09-24 18:00:00,0.8364666666666667,0.9951908625253134
2010-09-24 19:00:00,2.0984,1.5032089579228374
2010-09-24 20:00:00,2.2476,2.277056944796694
2010-09-24 21:00:00,1.5723666666666667,2.0550289964004538
2010-09-24 22:00:00,1.0881666666666667,1.270984640068562
2010-09-24 23:00:00,0.41573333333333334,0.6189977244671043
2010-09-25 00:00:00,0.35550000000000004,0.38633677289990687
2010-09-25 01:00:00,0.9487333333333333,0.35473793678864396
2010-09-25 02:00:00,0.2379666666666667,0.6384304781056627
2010-09-25 03:00:00,0.24060714285714285,0.33565382230457785
